{"temperature":24.17505646,"humidity":69.16697693,"pressure":997.1567383,"weatherDesc":"Clear","locationID":14320000,"vendorID":2341,"productID":"805a"}
{"temperature":24.17505646,"humidity":69.1361618,"pressure":997.1848145,"weatherDesc":"Clear","locationID":14320000,"vendorID":2341,"productID":"805a"}
{"temperature":24.17505646,"humidity":69.1361618,"pressure":997.1479492,"weatherDesc":"Clear","locationID":14320000,"vendorID":2341,"productID":"805a"}
{"temperature":24.16498566,"humidity":69.11766815,"pressure":997.1518555,"weatherDesc":"Clear","locationID":14320000,"vendorID":2341,"productID":"805a"}
{"temperature":24.17505646,"humidity":69.0991745,"pressure":997.1569824,"weatherDesc":"Clear","locationID":14320000,"vendorID":2341,"productID":"805a"}
{"temperature":24.19519997,"humidity":69.11766815,"pressure":997.1884766,"weatherDesc":"Clear","locationID":14320000,"vendorID":2341,"productID":"805a"}
{"temperature":24.19519997,"humidity":69.25326538,"pressure":997.1394043,"weatherDesc":"Clear","locationID":14320000,"vendorID":2341,"productID":"805a"}
{"temperature":24.19519997,"humidity":69.50596619,"pressure":997.1870117,"weatherDesc":"Clear","locationID":14320000,"vendorID":2341,"productID":"805a"}
{"temperature":24.20527077,"humidity":69.50596619,"pressure":997.201416,"weatherDesc":"Clear","locationID":14320000,"vendorID":2341,"productID":"805a"}
{"temperature":24.19519997,"humidity":69.47515106,"pressure":997.2402344,"weatherDesc":"Clear","locationID":14320000,"vendorID":2341,"productID":"805a"}
{"temperature":24.19519997,"humidity":69.47515106,"pressure":997.2060547,"weatherDesc":"Clear","locationID":14320000,"vendorID":2341,"productID":"805a"}
{"temperature":24.20527077,"humidity":69.47515106,"pressure":997.2055664,"weatherDesc":"Clear","locationID":14320000,"vendorID":2341,"productID":"805a"}
{"temperature":24.20527077,"humidity":69.45666504,"pressure":997.2004395,"weatherDesc":"Clear","locationID":14320000,"vendorID":2341,"productID":"805a"}
{"temperature":24.19519997,"humidity":69.40119171,"pressure":997.2211914,"weatherDesc":"Clear","locationID":14320000,"vendorID":2341,"productID":"805a"}
{"temperature":24.22541428,"humidity":69.40119171,"pressure":997.2380371,"weatherDesc":"Clear","locationID":14320000,"vendorID":2341,"productID":"805a"}
{"temperature":24.22541428,"humidity":69.40119171,"pressure":997.2739258,"weatherDesc":"Clear","locationID":14320000,"vendorID":2341,"productID":"805a"}
{"temperature":24.22541428,"humidity":69.37036896,"pressure":997.2858887,"weatherDesc":"Clear","locationID":14320000,"vendorID":2341,"productID":"805a"}
{"temperature":24.22541428,"humidity":69.33955383,"pressure":997.2802734,"weatherDesc":"Clear","locationID":14320000,"vendorID":2341,"productID":"805a"}
{"temperature":24.22541428,"humidity":69.32106781,"pressure":997.2521973,"weatherDesc":"Clear","locationID":14320000,"vendorID":2341,"productID":"805a"}
{"temperature":24.23548508,"humidity":69.33955383,"pressure":997.267334,"weatherDesc":"Clear","locationID":14320000,"vendorID":2341,"productID":"805a"}
{"temperature":24.23548508,"humidity":69.32106781,"pressure":997.2807617,"weatherDesc":"Clear","locationID":14320000,"vendorID":2341,"productID":"805a"}
{"temperature":24.23548508,"humidity":69.30257416,"pressure":997.269043,"weatherDesc":"Clear","locationID":14320000,"vendorID":2341,"productID":"805a"}
{"temperature":24.22541428,"humidity":69.28408051,"pressure":997.307373,"weatherDesc":"Clear","locationID":14320000,"vendorID":2341,"productID":"805a"}
{"temperature":24.22541428,"humidity":69.23477173,"pressure":997.3037109,"weatherDesc":"Clear","locationID":14320000,"vendorID":2341,"productID":"805a"}
{"temperature":24.23548508,"humidity":69.2039566,"pressure":997.3449707,"weatherDesc":"Clear","locationID":14320000,"vendorID":2341,"productID":"805a"}
{"temperature":24.22541428,"humidity":69.14848328,"pressure":997.2839355,"weatherDesc":"Clear","locationID":14320000,"vendorID":2341,"productID":"805a"}
{"temperature":24.23548508,"humidity":69.43817139,"pressure":997.3098145,"weatherDesc":"Clear","locationID":14320000,"vendorID":2341,"productID":"805a"}
{"temperature":24.24555588,"humidity":69.75867462,"pressure":997.3085938,"weatherDesc":"Clear","locationID":14320000,"vendorID":2341,"productID":"805a"}
{"temperature":24.23548508,"humidity":69.65389252,"pressure":997.338623,"weatherDesc":"Clear","locationID":14320000,"vendorID":2341,"productID":"805a"}
{"temperature":24.22541428,"humidity":69.43817139,"pressure":997.2946777,"weatherDesc":"Clear","locationID":14320000,"vendorID":2341,"productID":"805a"}
{"temperature":24.22541428,"humidity":69.32106781,"pressure":997.3334961,"weatherDesc":"Clear","locationID":14320000,"vendorID":2341,"productID":"805a"}
